"주택유형별(1)","지역별(1)",지역별(2),지역별(3),지역별(4),2025.11,2025.12,2026.01,2026.02,2026.03,2026.04
"아파트","경기",서해안권,화성,만세,-,-,-,68.35064024,68.6602505,69.5482828
"아파트","경기",서해안권,화성,효행,-,-,-,72.11084155,72.22669149,72.50802779
"아파트","경기",서해안권,화성,병점,-,-,-,70.35010721,70.74276246,71.08194626
"아파트","경기",서해안권,화성,동탄,-,-,-,57.16957728,57.38089897,57.4545838
"아파트","충북",청주,서원,소계,84.5232772,84.63753883,85.0919424,85.11922466,85.46911044,85.6365953
"아파트","전남",목포,소계,소계,83.84993391,84.12252046,84.19942107,84.19790393,84.39133941,84.32714402
"아파트","전남",광양,소계,소계,83.73462351,83.74624978,83.87930347,83.98787986,84.18175174,84.27487808
"아파트","경남",창원,마산회원,소계,83.69527031,83.36275658,83.20231584,83.07063154,83.03271238,83.08647875
"아파트","경기",동부2권,이천,소계,83.37327434,83.4515681,83.45794067,83.59951219,83.60788906,83.71967735
"아파트","전북",익산,소계,소계,82.58992029,82.61039486,82.94194772,83.33840961,83.54430175,83.90640797
"아파트","경북",포항,북,소계,82.5772498,82.64238682,82.66738352,82.67508938,82.78215652,82.85884816
"아파트","경남",창원,마산합포,소계,82.26948213,82.29043241,82.34140359,82.25288199,82.33312284,82.38187495
"아파트","전북",군산,소계,소계,82.26103565,82.40691947,82.42741859,82.46063437,82.45896846,82.47263439
"아파트","경북",포항,소계,소계,82.05867231,82.13430256,82.22753368,82.29546565,82.39832185,82.470531
"아파트","경기",동부2권,소계,소계,81.79982473,81.82991859,81.81489363,82.02374455,82.29539614,82.29977363
"아파트","경기",동부2권,여주,소계,81.72077127,81.81621652,81.83018407,81.89209713,82.00747382,82.10846917
"아파트","경남",사천,소계,소계,81.70502091,81.69704777,81.93434228,82.06103375,82.094518,82.18221408
"아파트","충북",청주,상당,소계,81.61289203,81.72313448,81.80215977,81.90472231,81.88822027,81.82993506
"아파트","전남",순천,소계,소계,81.40893745,81.09155633,81.0908242,81.15730482,81.35213373,81.62879825
"아파트","경북",구미,소계,소계,81.36681022,81.50215732,81.51899422,81.34942748,81.43202194,81.7818485
"아파트","충남",서산,소계,소계,81.2872966,81.11269436,81.07647161,81.10886295,81.28848323,81.40968164
"아파트","경북",포항,남,소계,81.21471744,81.30742481,81.5117035,81.62309323,81.7184912,81.78276116
"아파트","강원",춘천,소계,소계,80.39315497,80.29755691,80.23145088,80.1850716,80.12189824,80.09533466
"아파트","경남",거제,소계,소계,80.22998964,80.83486675,81.31495233,81.91074326,82.30756964,82.709134
"아파트","광주",북,소계,소계,80.15551038,80.27947155,80.46260359,80.55996176,80.68427185,80.84566369
"아파트","충북",청주,소계,소계,79.78820816,79.91594408,80.04720043,80.064816,80.15251504,80.16977616
"아파트","경남",김해,소계,소계,79.57337611,79.66383682,79.86637109,79.97794279,79.90896096,80.16658061
"아파트","경북",경산,소계,소계,79.49330791,79.64739228,79.91575846,80.07497851,80.19753853,80.42850075
"아파트","강원",원주,소계,소계,78.89372139,78.85866092,78.88429088,78.85337688,79.08806991,79.0732241
"아파트","전남",소계,소계,소계,78.73165661,78.68892312,78.72543407,78.77274122,79.03346511,79.20908913
"아파트","강원",강릉,소계,소계,78.69007339,78.66475738,78.68812361,78.69478522,78.766497,78.84139668
"아파트","충남",당진,소계,소계,78.6082883,78.92588424,79.15145387,79.15576232,79.1803232,79.19515858
"아파트","충남",천안,동남,소계,78.41909225,78.42660906,78.45963418,78.40291746,78.45847945,78.47492578
"아파트","충북",소계,소계,소계,78.28496882,78.39201459,78.52592937,78.45519068,78.49802077,78.5953683
"아파트","충북",충주,소계,소계,78.28134483,78.33726021,78.66780889,78.88913036,78.64933842,78.99059824
"아파트","경북",소계,소계,소계,78.22971542,78.29248563,78.39170433,78.41804967,78.47830014,78.60995163
"아파트","전북",소계,소계,소계,78.0857712,77.93405367,77.87647277,78.03340459,78.15255694,78.21242853
"아파트","충남",천안,소계,소계,78.07616313,78.07964469,78.16672447,78.40611116,78.61198143,78.64302598
"아파트","충북",청주,청원,소계,78.00850186,77.93698581,77.98608073,78.03117918,77.9841998,78.02349525
"아파트","충남",천안,서북,소계,77.86446085,77.86545131,77.98590093,78.40808159,78.70668761,78.74673884
"아파트","경남",창원,소계,소계,77.85281392,77.77242584,77.80698579,77.66883016,77.58256741,77.51464534
"아파트","경남",창원,진해,소계,77.56272415,77.69833501,77.7618246,77.76824428,77.93715834,78.26018042
"아파트","경남",소계,소계,소계,77.46749965,77.59306952,77.800092,77.86541677,77.88166314,77.9578969
"아파트","인천",동,소계,소계,77.46334027,77.48067759,77.59236954,77.59400516,77.65007692,77.70023545
"아파트","울산",동,소계,소계,77.4327506,77.35386159,77.52635433,77.70787036,77.89802744,78.12808324
"아파트","8개도",소계,소계,소계,77.42199902,77.45597978,77.55010006,77.6014614,77.7001237,77.78466853
"아파트","울산",울주,소계,소계,77.38579702,77.38140668,77.4193511,77.47244279,77.4848394,77.54075059
"아파트","전북",전주,덕진,소계,77.27663585,76.88783152,76.84612706,76.84847367,76.91781412,76.84680409
"아파트","대구",북,소계,소계,77.27586921,77.32469511,77.54834737,77.66125332,77.90980995,77.99505482
"아파트","충북",제천,소계,소계,77.21645564,77.20852907,77.00360084,76.87138131,77.01479314,77.43330097
"아파트","충남",아산,소계,소계,77.21155092,77.31451582,77.59620342,77.64008279,77.96091262,78.14159548
"아파트","광주",서,소계,소계,77.1893734,77.29313713,77.43603776,77.52221659,77.66563957,78.04928179
"아파트","광주",광산,소계,소계,77.14477983,77.09723717,77.06803071,77.12488844,77.31814664,77.53791874
"아파트","광주",소계,소계,소계,77.10556516,77.16678184,77.28306325,77.40663526,77.61346728,77.92295979
"아파트","전북",전주,소계,소계,77.0757466,76.65819628,76.44319895,76.37020205,76.55438544,76.53472862
"아파트","경남",진주,소계,소계,76.95032887,76.85047687,76.80608086,76.56713363,76.65369314,76.46512966
"아파트","전북",전주,완산,소계,76.88831809,76.44394792,76.06726934,75.92430165,76.21555498,76.24377559
"아파트","경북",칠곡,소계,소계,76.83969715,76.82185445,77.02521633,77.15121178,77.39898678,77.55921043
"아파트","충남",소계,소계,소계,76.80892451,76.8517101,76.97230606,77.0308097,77.20898378,77.28060958
"아파트","경남",창원,의창,소계,76.79808492,76.86371453,76.96236163,76.77807807,76.79736704,76.68410979
"아파트","강원",소계,소계,소계,76.63040597,76.60805927,76.59844106,76.63297958,76.72331382,76.71494822
"아파트","충북",청주,흥덕,소계,76.53557518,76.80469583,76.80465171,76.82810982,76.89260972,76.84650744
"아파트","경남",통영,소계,소계,76.2237895,76.31952612,76.36407961,76.3925328,76.55779452,76.64245478
"아파트","부산",서부산권,사상,소계,76.08428187,76.16027611,76.33563248,76.52829987,76.66380517,76.76212458
"아파트","전남",무안,소계,소계,75.99250362,75.78818866,75.39863764,75.28390775,75.06843435,74.64363481
"아파트","충남",계룡,소계,소계,75.84884218,75.86890777,75.95887094,76.04388199,76.02917663,76.09424224
"아파트","경기",경원권,포천,소계,75.74763643,75.8365557,76.06848536,76.17551244,76.1554161,76.22644727
"연립다세대","울산",소계,소계,소계,75.55141396,75.62548781,75.75424637,75.78971873,75.79595291,75.88242546
"아파트","경북",경주,소계,소계,75.46765096,75.56334786,75.60344931,75.57265674,75.53277901,75.54646921
"아파트","경기",경부2권,안성,소계,75.22704504,75.38899427,75.56501941,75.67358834,75.81110396,75.95123326
"아파트","경남",밀양,소계,소계,75.06986156,75.46757769,75.72644246,75.81843287,75.9171137,75.91031409
"아파트","울산",북,소계,소계,74.97972016,74.91652615,75.07208449,75.24398955,75.49414767,75.74706605
"아파트","부산",서부산권,북,소계,74.84721667,75.2176161,75.44355896,75.62560211,75.87386684,75.96019851
"아파트","부산",중부산권,중,소계,74.28242618,74.31452713,74.37134739,74.42540173,74.48347342,74.58462275
"아파트","경북",김천,소계,소계,74.071871,74.01682306,73.93318177,73.88675671,73.8434835,73.8037034
"아파트","울산",소계,소계,소계,74.04503422,73.98005147,74.05597172,74.08409936,74.20187379,74.28644398
"아파트","지방",소계,소계,소계,73.95676464,74.0400494,74.16404395,74.25868684,74.41947379,74.55223601
"아파트","부산",서부산권,소계,소계,73.71689383,73.97807827,74.21903061,74.37734941,74.64052026,74.79435444
"아파트","충남",보령,소계,소계,73.54051412,73.48997829,73.47307015,73.53935853,73.44840387,73.58791999
"아파트","경남",양산,소계,소계,73.34082447,73.86414707,74.51787901,74.89038557,74.94089034,75.0938989
"아파트","경기",경원권,동두천,소계,73.26287081,73.46944679,73.67527424,73.69921851,73.70455028,73.74137963
"아파트","부산",서부산권,사하,소계,73.25442575,73.6092305,73.9249896,74.14700816,74.50716196,74.71586618
"아파트","경기",경의권,파주,소계,73.24709197,73.43636149,73.70015931,74.00029374,74.46462596,74.79371714
"아파트","강원",태백,소계,소계,73.21431737,72.66440195,72.72971748,72.62061365,72.71155249,72.85402458
"아파트","강원",속초,소계,소계,73.19437124,73.65307325,73.94077004,73.9892798,73.96249269,74.02149058
"아파트","전남",나주,소계,소계,73.16122957,73.24635697,73.2911699,73.34187813,73.54501684,73.9620922
"아파트","충남",공주,소계,소계,73.01299484,73.07928114,73.0155829,73.03258638,73.2028635,73.1671161
"아파트","경기",동부1권,광주,소계,72.91513823,73.24672032,73.28705963,73.55032895,74.03761646,74.2564271
"아파트","인천",미추홀,소계,소계,72.86952162,72.88416465,72.9133939,73.0102258,73.08880777,73.2944275
"아파트","광주",동,소계,소계,72.83390202,73.05656743,73.27701172,73.53060539,73.88294851,74.44136941
"아파트","경남",창원,성산,소계,72.54646611,72.35190255,72.44126982,72.11066429,71.69014644,71.28042345
"종합","광주",소계,소계,소계,72.51468588,72.56849747,72.66825364,73.21110994,73.38774402,73.64790583
"아파트","강원",동해,소계,소계,72.45279711,72.13822558,71.95903719,71.81033192,71.82594755,71.797786
"아파트","대구",달성,소계,소계,72.43619919,72.44588538,72.5125193,72.74031829,72.94557662,73.25944445
"아파트","광주",남,소계,소계,72.38738545,72.3807468,72.54170553,72.74688778,73.18330186,73.75881982
"연립다세대","충남",소계,소계,소계,72.37282572,72.46445423,72.53053816,72.46425443,72.49783305,72.53999878
"연립다세대","경기",경원권,소계,소계,72.33833897,72.57615974,72.69845877,72.84737628,72.98380148,73.14352554
"아파트","경기",동부1권,남양주,소계,72.23197783,72.36475797,72.44595065,72.45562996,72.73166694,73.03414568
"아파트","대전",대덕,소계,소계,72.15803903,72.28875794,72.42797396,72.48867971,72.63480292,72.73073385
"아파트","전남",여수,소계,소계,72.12858214,72.10741237,72.23204701,72.53583211,73.38022646,73.89685387
"아파트","충남",논산,소계,소계,71.98556916,71.89486109,71.87529512,71.77001566,71.66433704,71.55867144
"아파트","충북",음성,소계,소계,71.95552999,72.06979982,72.20504813,72.28989488,72.56654125,72.76714342
"아파트","부산",중부산권,서,소계,71.92084447,72.11821346,72.37309151,72.63397806,72.90580709,73.19188182
"아파트","경북",영주,소계,소계,71.90419693,71.90546565,71.91823482,71.91434445,71.7584768,71.71111826
"아파트","경북",안동,소계,소계,71.89132964,71.52774681,72.00337843,71.50653231,71.49271153,71.47076836
"아파트","경기",경의권,고양,일산서,71.83917714,72.18554338,72.35380453,72.5436297,72.86068847,73.17905491
"아파트","9개도",소계,소계,소계,71.7810312,71.83673733,71.92834868,72.01152843,72.14503581,72.28399105
"아파트","부산",중부산권,부산진,소계,71.71598397,71.77234265,71.77176069,72.01867625,72.23847891,72.31827662
"아파트","대전",동,소계,소계,71.70778082,71.8995246,72.14500995,72.25420909,72.60334786,72.96252472
"연립다세대","경기",경의권,소계,소계,71.56275769,71.58388575,71.68598939,71.6916291,71.82888162,72.02117578
"아파트","경기",서해안권,평택,소계,71.54728585,71.93670002,72.63901165,73.38721844,74.08247286,74.76784771
"아파트","경기",서해안권,오산,소계,71.54067617,71.40578223,71.34828974,71.43800575,71.72417956,71.92061281
"연립다세대","인천",소계,소계,소계,71.47603154,71.49694856,71.45725482,71.46505241,71.48389535,71.5773283
"아파트","울산",중,소계,소계,71.43322639,71.40944828,71.39998644,71.33829461,71.42596215,71.43748137
"아파트","대구",달서,소계,소계,71.41886715,71.6675097,71.9884979,72.31248071,72.64214326,72.86555516
"아파트","부산",동부산권,기장,소계,71.37077115,71.47654202,71.70676659,71.82881797,71.95491923,72.07627113
"아파트","경기",경의권,소계,소계,71.3658036,71.53570687,71.7117692,71.93824491,72.34026821,72.72799589
"아파트","경기",경의권,고양,소계,71.20019708,71.28635825,71.37811017,71.50706846,71.76378833,72.08917558
"아파트","인천",계양,소계,소계,71.19239237,71.19599345,71.24418299,71.4369561,71.8579894,72.02420027
"아파트","경기",경의권,고양,일산동,71.0936541,71.05824828,71.08662338,71.24324784,71.53264685,72.01559368
"아파트","경북",영천,소계,소계,71.08712393,71.09224388,71.00943867,70.83830121,70.73562021,70.56005836
"아파트","경기",경원권,의정부,소계,71.08406112,71.09983503,71.36121665,71.52934198,71.63639279,71.90225035
"아파트","인천",남동,소계,소계,71.03857286,71.1093747,71.32828367,71.51474169,71.72559828,71.93067397
"아파트","대전",서,소계,소계,70.9254103,70.9643365,71.03314754,71.05709688,71.06314593,71.06280884
"아파트","대구",동,소계,소계,70.92508501,71.25505267,71.20510583,71.30015146,71.48902869,71.52044558
"아파트","울산",남,소계,소계,70.87805999,70.7576821,70.79501568,70.64366181,70.71028203,70.65276767
"아파트","5대광역시",소계,소계,소계,70.81648194,70.93622543,71.08345253,71.19706515,71.42471604,71.6094155
"종합","울산",소계,소계,소계,70.79848989,70.75105548,70.82142004,71.02730667,71.11349812,71.18608476
"아파트","대전",소계,소계,소계,70.78696575,70.92462359,71.12490879,71.20482798,71.34936532,71.4869458
"아파트","경기",경의권,고양,덕양,70.74636246,70.69334377,70.76029952,70.84592771,71.03601955,71.27462362
"아파트","전북",남원,소계,소계,70.72281044,70.09399645,69.79595024,69.39235389,69.23363516,68.94697507
"연립다세대","경기",동부1권,소계,소계,70.71408556,70.70270409,70.84701916,70.64908669,70.59243775,70.54188939
"아파트","인천",부평,소계,소계,70.70171303,70.69949357,70.7149705,70.68599683,70.7280835,70.83007473
"아파트","전북",김제,소계,소계,70.52299725,70.60200339,70.67129106,70.81219392,70.87501798,70.88731173
"아파트","대전",중,소계,소계,70.45555268,70.5564056,70.71988852,70.8557888,71.14238413,71.44718597
"아파트","부산",중부산권,영도,소계,70.43212572,70.84147188,71.34637065,71.90836503,72.69034192,73.13864832
"아파트","6대광역시",소계,소계,소계,70.19095837,70.31353729,70.46011563,70.55701159,70.78305915,70.97957097
"아파트","경기",경의권,김포,소계,70.0861877,70.41471835,70.69149114,70.94286615,71.59403342,72.16754345
"아파트","부산",중부산권,동,소계,69.81110305,69.9800072,70.08641618,70.16995009,70.64354249,70.90161828
"아파트","대구",소계,소계,소계,69.78273742,69.92899568,70.08202792,70.1075671,70.33636558,70.47381414
"연립다세대","전남",소계,소계,소계,69.75845295,69.81996612,69.83866579,69.84582493,69.87257504,69.89747529
"종합","경기",경의권,소계,소계,69.75759301,69.89132843,70.0423365,70.28334958,70.61793024,70.94963463
"종합","부산",서부산권,소계,소계,69.75148514,69.94954373,70.13927527,70.63418441,70.83780766,70.96101328
"아파트","대전",유성,소계,소계,69.72580171,69.98662074,70.38032776,70.4714968,70.59673309,70.70896797
"아파트","대구",남,소계,소계,69.50647481,69.54256553,69.5926508,69.62971263,69.82923497,69.92941529
"아파트","강원",삼척,소계,소계,69.4616826,69.31554039,69.07092283,69.19814731,68.99943579,68.61784502
"아파트","전북",정읍,소계,소계,69.44000756,70.35371538,70.10895432,70.13256832,70.46962767,70.76701514
"연립다세대","경기",경부2권,소계,소계,69.43140805,69.47851108,69.55327793,69.5043937,69.46049187,69.49027616
"연립다세대","서울",강북권역,동북권,소계,69.30643923,69.08289163,68.92862522,68.636739,68.44807866,68.37487766
"연립다세대","경기",소계,소계,소계,69.21066235,69.27237085,69.31969173,69.32404496,69.35733428,69.42489294
"아파트","충남",홍성,소계,소계,69.15917873,69.27505532,69.35801745,69.46457464,69.50094881,69.49414133
"연립다세대","강원",소계,소계,소계,69.02387202,69.07790185,69.11019619,69.13867198,69.18887395,69.16284499
"연립다세대","경기",동부2권,소계,소계,68.96814911,69.0846759,69.29077518,69.31103868,69.32752619,69.38020452
"아파트","부산",중부산권,남,소계,68.95368063,69.03474402,69.1308573,69.34120136,69.56022123,69.66453182
"아파트","경기",경원권,소계,소계,68.92907455,69.00592419,69.24183055,69.41173791,69.53182298,69.81932674
"연립다세대","광주",소계,소계,소계,68.91346722,68.94615166,68.98754042,69.01289967,69.02408358,69.02746849
"연립다세대","9개도",소계,소계,소계,68.86813551,68.9167817,68.95917077,68.95251696,68.98415854,69.03193511
"연립다세대","수도권",소계,소계,소계,68.86542387,68.73693889,68.62013109,68.5046298,68.46193831,68.46563409
"연립다세대","충북",소계,소계,소계,68.68574245,68.67411769,68.78455444,68.84760572,68.86432862,68.90705287
"아파트","경기",동부1권,소계,소계,68.67174695,68.79720923,68.78598542,68.68727558,68.86327372,69.01902344
"아파트","경북",문경,소계,소계,68.58693117,68.21902246,67.8370171,67.55714865,67.55982932,67.41051467
"연립다세대","서울",강남권역,서남권,소계,68.38215438,67.9742192,67.62129259,67.40050191,67.24969664,67.15140885
"연립다세대","경남",소계,소계,소계,68.36329495,68.39907747,68.3940496,68.41862025,68.46607895,68.46992751
"연립다세대","세종",소계,소계,소계,68.34521335,68.48763059,68.54904783,68.66141001,68.77456014,68.93674291
"연립다세대","전국",소계,소계,소계,68.32677183,68.24227011,68.17085604,68.09037508,68.0709401,68.08501246
"아파트","전국",소계,소계,소계,68.24155888,68.30359434,68.36762765,68.47000649,68.62502827,68.779687
"종합","인천",소계,소계,소계,68.23217784,68.32420526,68.40419011,68.52759942,68.68310356,68.87329496
"종합","충북",소계,소계,소계,68.19524426,68.25352529,68.33900245,68.47886082,68.5024145,68.56322388
"연립다세대","8개도",소계,소계,소계,68.16415394,68.18595368,68.21820659,68.21797966,68.24636353,68.2550295
"종합","경남",소계,소계,소계,68.13758209,68.24135613,68.37517453,68.68911143,68.70001136,68.75765301
"아파트","경기",경부2권,용인,처인,68.1063468,68.10467429,68.20490522,68.19723176,68.24806064,68.38464838
"아파트","제주",서귀포,소계,소계,68.09052577,68.0816982,68.11768364,68.12578366,68.15123627,68.194868
"연립다세대","6대광역시",소계,소계,소계,68.03091125,68.06317708,68.08405871,68.11364856,68.15272235,68.23611283
"연립다세대","서울",강북권역,소계,소계,67.96692263,67.6945554,67.49940279,67.23820196,67.08968652,67.01046246
"아파트","인천",소계,소계,소계,67.96611667,68.09878055,68.24305141,68.33553593,68.55601871,68.79352848
"연립다세대","경기",서해안권,소계,소계,67.8304841,67.93126554,67.92522295,67.88840535,67.9517432,68.06951849
"연립다세대","서울",소계,소계,소계,67.80705867,67.46551633,67.17972446,66.94681705,66.82063296,66.74327103
"종합","충남",소계,소계,소계,67.75793898,67.78627277,67.86603493,68.2120104,68.32546869,68.37000847
"종합","경기",동부1권,소계,소계,67.75533735,67.8398472,67.88049504,67.83497095,67.95959202,68.05937023
"연립다세대","서울",강남권역,소계,소계,67.6568066,67.25024832,66.87926691,66.67242049,66.56726579,66.49165741
"아파트","부산",서부산권,강서,소계,67.6333208,67.68058915,67.87691669,68.06932637,68.34569142,68.62691778
"연립다세대","경기",경부1권,소계,소계,67.58306367,67.53963666,67.45817213,67.34443941,67.34557955,67.29562641
"아파트","부산",중부산권,소계,소계,67.54937139,67.72107952,67.84688398,68.16076456,68.51090118,68.77585672
"아파트","부산",소계,소계,소계,67.49905719,67.68204396,67.84139338,68.10672648,68.41341743,68.62528823
"아파트","부산",동부산권,금정,소계,67.49037375,67.74800098,68.07459938,68.39188964,69.00241357,69.4139416
"종합","전북",소계,소계,소계,67.4678769,67.37263213,67.33692951,67.74680604,67.83942417,67.87827343
"아파트","경기",서해안권,부천,원미,67.46388394,67.50843033,67.47325494,67.42707741,67.4493609,67.44360948
"종합","강원",소계,소계,소계,67.4346221,67.41520732,67.39778372,67.57324249,67.6232235,67.59937964
"아파트","경기",경부2권,용인,기흥,67.34497601,67.34938143,67.19087576,66.99496892,67.24184309,67.30510058
"종합","경기",경원권,소계,소계,67.30555499,67.40110351,67.59465842,67.93824981,68.06044321,68.3114129
"연립다세대","서울",강북권역,서북권,소계,67.15854006,66.90382697,66.72168025,66.50818603,66.45996104,66.41375559
"연립다세대","제주",소계,소계,소계,67.00638628,67.00375319,67.02773329,67.06507346,67.07517509,67.08112427
"종합","6대광역시",소계,소계,소계,66.98586638,67.07445417,67.17899076,67.77580723,67.94874685,68.10878259
"연립다세대","지방",소계,소계,소계,66.90969729,66.94090581,66.98891261,67.01852198,67.05926144,67.10018245
"종합","경기",동부2권,소계,소계,66.79127892,66.78614293,66.79549445,67.03937018,67.12295934,67.11534499
"아파트","경기",서해안권,부천,소사,66.68779409,66.65114839,66.67813946,66.71219254,66.71915551,66.68278297
"종합","5대광역시",소계,소계,소계,66.59057196,66.6780688,66.79039251,67.52999216,67.70863269,67.85880836
"종합","8개도",소계,소계,소계,66.57381747,66.59526523,66.64787975,66.95669024,67.01690924,67.062617
"종합","대전",소계,소계,소계,66.55162716,66.650398,66.8035912,67.51379008,67.62627008,67.73751061
"연립다세대","서울",강남권역,동남권,소계,66.51076441,66.10638164,65.70687381,65.51344177,65.4809548,65.44144812
"아파트","경기",서해안권,부천,소계,66.4624085,66.56184089,66.59279368,66.60091376,66.61842355,66.62556005
"연립다세대","전북",소계,소계,소계,66.40976444,66.36943776,66.3425144,66.35281577,66.35676679,66.36066372
"아파트","충남",예산,소계,소계,66.39047744,66.65942471,66.87902838,67.17660201,67.55976204,67.84111658
"종합","지방",소계,소계,소계,66.30426769,66.35898249,66.43931379,66.90742253,67.01680351,67.10552689
"아파트","경기",경부1권,안양,만안,66.3029449,66.42190789,66.3549471,66.11927904,66.2065915,66.18585664
"아파트","경기",경부1권,군포,소계,66.19022333,66.13988114,66.03154911,66.01108647,66.2658331,66.37841048
"아파트","경기",소계,소계,소계,66.01914522,66.09704243,66.18609106,66.28291164,66.45212861,66.64684414
"아파트","경기",경부2권,수원,권선,65.97752263,65.80397711,66.20085714,66.14997697,66.40931585,66.45330841
"종합","9개도",소계,소계,소계,65.88205631,65.92087417,65.98166423,66.24046273,66.33174805,66.42568684
"아파트","제주",소계,소계,소계,65.6051883,65.60318154,65.60465755,65.6028743,65.82714603,65.85384349
"아파트","경기",경부2권,용인,소계,65.57512703,65.4864132,65.15838996,64.82221416,64.76568744,64.78037468
"아파트","경기",서해안권,시흥,소계,65.49732594,65.6455301,65.84236926,66.07910934,66.18239217,66.48141423
"연립다세대","5대광역시",소계,소계,소계,65.49607504,65.53669106,65.60214259,65.65292692,65.70685493,65.78287187
"연립다세대","부산",동부산권,소계,소계,65.44799523,65.50645347,65.58807223,65.65417237,65.7647928,65.88541069
"아파트","인천",서,소계,소계,65.43715852,65.81255654,66.25494799,66.48908245,66.84593774,67.27851433
"연립다세대","부산",중부산권,소계,소계,65.376887,65.45096598,65.48341135,65.55660725,65.62002938,65.67719057
"아파트","경기",경부2권,소계,소계,65.36048718,65.37552874,65.38533169,65.30404549,65.29996235,65.33412485
"아파트","경기",서해안권,소계,소계,65.32947219,65.48074676,65.61287586,65.90174067,66.15167833,66.44001079
"연립다세대","경북",소계,소계,소계,65.1204341,65.10822251,65.14477744,65.11065342,65.14243713,65.12564348
"아파트","인천",중,소계,소계,65.11220512,65.15567875,65.21255883,65.21372441,65.23597363,65.24480493
"종합","경기",소계,소계,소계,65.03968534,65.0996551,65.1704007,65.3672355,65.49639699,65.64913924
"연립다세대","부산",소계,소계,소계,64.98512452,65.04612128,65.0959903,65.16033034,65.23021988,65.30462898
"아파트","제주",제주,소계,소계,64.89462066,64.89456401,64.88617364,64.88019606,65.1614188,65.18326551
"종합","경기",경부2권,소계,소계,64.66032547,64.66925465,64.68753061,64.64510525,64.63148922,64.65856714
"종합","경북",소계,소계,소계,64.63598278,64.66213616,64.71089008,65.03532451,65.06765286,65.13317302
"종합","전국",소계,소계,소계,64.55224081,64.57763998,64.60342213,64.92592409,65.02765293,65.13213802
"종합","경기",서해안권,소계,소계,64.54237348,64.66016283,64.7435782,65.02363787,65.20926946,65.43327368
"종합","대구",소계,소계,소계,64.41581646,64.52138072,64.64177558,65.42979527,65.61170263,65.72883013
"종합","부산",소계,소계,소계,64.31841016,64.44508594,64.55420227,65.50639005,65.73791133,65.90374875
"종합","전남",소계,소계,소계,64.29027874,64.26752443,64.27507065,64.64749104,64.78372192,64.84691712
"아파트","경북",상주,소계,소계,64.24300404,64.0974971,63.91590653,63.77894372,63.67452042,63.62752421
"아파트","부산",중부산권,연제,소계,64.20694972,64.4064801,64.63155129,64.81812533,65.40750752,66.10340242
"아파트","경기",경부2권,수원,장안,64.06902781,64.07035586,63.93908715,63.83603089,63.72342151,63.64665977
"종합","부산",중부산권,소계,소계,64.01753607,64.12050054,64.17792241,65.30304239,65.5444691,65.73391247
"연립다세대","대구",소계,소계,소계,63.95907464,63.93318365,64.03791885,64.06281255,64.14347626,64.25754544
"연립다세대","서울",강북권역,도심권,소계,63.74366376,63.18106963,62.74800103,62.48765882,62.24993897,62.04743751
"아파트","경기",서해안권,화성,소계,63.66609153,63.96891394,64.05096883,64.23641029,64.48510022,64.78038869
"아파트","경기",서해안권,안산,상록,63.51548206,63.78046096,63.93488274,63.97881592,64.13926666,64.29150456
"아파트","경기",경부2권,수원,소계,63.44989885,63.53963176,63.84651851,63.82602281,63.84665713,63.87996126
"아파트","서울",강북권역,동북권,중랑,63.41434816,63.47832673,63.44978457,63.43847044,63.37234346,63.36893277
"연립다세대","부산",서부산권,소계,소계,63.20682824,63.23542277,63.28591282,63.32712538,63.35382395,63.40657408
"아파트","경기",경부2권,용인,수지,62.71807127,62.49790571,61.82023395,60.98165836,60.56710187,60.47318184
"아파트","경기",경원권,양주,소계,62.71032653,62.84323721,63.04876463,63.29892619,63.50479317,63.94737199
"종합","수도권",소계,소계,소계,62.6923458,62.68662444,62.65449897,62.81939108,62.91298493,63.03422631
"아파트","서울",강북권역,동북권,강북,62.51673487,62.75608724,62.78848661,62.79684404,63.08494935,63.28925489
"아파트","경기",동부1권,구리,소계,62.50640283,62.57348805,62.38015534,61.80884648,61.6546698,61.38210423
"아파트","경기",서해안권,안산,소계,62.42850824,62.65318172,62.79113827,62.87803774,63.05370851,63.26641585
"아파트","경기",경부2권,수원,영통,62.39848268,62.86986969,63.15644973,63.28133716,63.22416889,63.28419159
"아파트","수도권",소계,소계,소계,62.16808829,62.20754241,62.20785572,62.29118162,62.44004968,62.6180807
"아파트","서울",강남권역,서남권,구로,62.07338738,61.98541409,61.62787081,61.19491621,61.13747546,61.17733204
"아파트","경기",서해안권,부천,오정,62.07016759,62.69676817,62.99246032,63.08329377,63.10725327,63.26921876
"아파트","대구",서,소계,소계,62.05700307,62.24589089,62.29504568,62.42316259,62.68688221,62.96735866
"아파트","부산",동부산권,동래,소계,61.95544525,62.13628166,62.29796711,62.54169892,62.82562655,62.9675417
"아파트","부산",동부산권,소계,소계,61.92681432,62.05392321,62.18092149,62.36134637,62.6522205,62.84916577
"아파트","경기",경부1권,의왕,소계,61.90473434,61.90161163,62.07583963,62.06466787,62.19896389,62.37541733
"아파트","경기",서해안권,안산,단원,61.62246963,61.81725488,61.94300174,62.09055291,62.27711192,62.53307845
"아파트","대구",중,소계,소계,61.57777487,61.59873427,61.64447367,61.59712378,61.79114495,61.74639519
"연립다세대","대전",소계,소계,소계,61.05340969,61.07334939,61.11978427,61.1537082,61.15081155,61.20668298
"아파트","경기",경부1권,안양,소계,60.86564667,60.82307675,60.69806159,60.32257257,60.10722779,60.11598174
"아파트","인천",연수,소계,소계,60.71781913,60.91064826,60.88945965,60.81237712,61.09618764,61.39940137
"아파트","서울",강북권역,도심권,종로,60.71200583,60.69046418,60.58138662,60.26999532,60.13111173,60.02062108
"아파트","대구",수성,소계,소계,60.64143619,60.74863411,60.88101444,60.92648104,61.05212696,61.1101666
"종합","제주",소계,소계,소계,60.19911948,60.19220871,60.19467212,60.36717061,60.4399954,60.4448184
"아파트","경기",경부2권,수원,팔달,60.1718013,59.96617443,60.78719628,60.80942588,60.75429603,60.85892033
"아파트","경기",동부1권,하남,소계,60.15343472,60.11646879,59.95055962,59.55863554,59.42273126,59.43958521
"종합","부산",동부산권,소계,소계,60.13022886,60.22843275,60.33888201,61.2876877,61.52983481,61.70004578
"종합","서울",강북권역,서북권,소계,59.72574909,59.58350148,59.36552118,59.19813252,59.19681871,59.17425781
"아파트","서울",강북권역,서북권,은평,59.63087328,59.57253919,59.41357908,59.28435398,59.2532607,59.22202053
"아파트","서울",강남권역,서남권,관악,59.34828774,59.15585949,58.65177219,58.16521362,58.20865068,58.16690455
"아파트","서울",강북권역,도심권,중,59.28979641,59.01114234,58.54851458,58.30349423,58.12239925,58.18494196
"종합","서울",강남권역,서남권,소계,58.98474409,58.80892469,58.48471776,58.41616366,58.33371462,58.28506332
"종합","서울",강북권역,동북권,소계,58.74066336,58.70190245,58.62916691,58.74890605,58.75584811,58.81121957
"아파트","서울",강남권역,서남권,금천,58.54638893,58.65645152,58.71055468,58.78881281,58.90446771,59.11728769
"아파트","서울",강북권역,동북권,성북,58.52668535,58.58582204,58.37072881,58.12823848,58.19593132,58.3073106
"종합","서울",강북권역,소계,소계,58.48542564,58.3935532,58.25895645,58.34695549,58.3442699,58.37172826
"아파트","서울",강북권역,동북권,동대문,58.44887268,58.2775605,58.14643108,57.88802776,57.7127662,57.56899402
"아파트","경기",경부1권,안양,동안,57.94652562,57.81723355,57.66105077,57.36589922,56.99618081,57.01997586
"종합","경기",경부1권,소계,소계,57.69613449,57.59733654,57.6016354,57.78644048,57.78712244,57.79613999
"아파트","경기",경부1권,성남,수정,57.6226705,58.24578907,58.02420889,57.5016238,57.62972619,57.36760266
"종합","서울",소계,소계,소계,57.06286293,56.92084771,56.69048304,56.63934546,56.65352976,56.69899
"아파트","경기",경부1권,소계,소계,56.67506932,56.56014138,56.59282314,56.38510533,56.37628051,56.39759465
"아파트","서울",강북권역,서북권,서대문,56.56660607,56.49728247,56.17385854,55.96107574,55.82503139,55.67242998
"아파트","서울",강남권역,서남권,강서,56.51099989,56.46192354,56.10766209,55.67209008,55.50312119,55.3322208
"아파트","경기",경부1권,성남,중원,56.07587593,56.13878424,59.90919605,59.6885807,59.63822455,59.77649512
"아파트","부산",동부산권,해운대,소계,56.03866349,56.08472583,56.06695368,56.13353259,56.35452812,56.52292755
"종합","서울",강남권역,소계,소계,55.73711566,55.54837024,55.22875534,55.06705213,55.09676948,55.15880507
"아파트","서울",강북권역,동북권,소계,55.47034023,55.47315022,55.40513761,55.27056076,55.33803678,55.47119383
"아파트","서울",강북권역,동북권,도봉,55.26955631,55.40839978,55.51947507,55.46578806,55.80241688,56.05176817
"아파트","서울",강북권역,서북권,소계,55.16758759,55.04530123,54.74557316,54.45709345,54.43975495,54.41410021
"아파트","서울",강북권역,소계,소계,55.03339197,54.99558157,54.85743473,54.69165185,54.73765858,54.83495324
"아파트","서울",강남권역,서남권,소계,54.88453378,54.76214622,54.40598824,54.08261533,54.02892726,53.99637318
"아파트","부산",중부산권,수영,소계,54.27040373,54.69324946,54.76957998,54.69110706,55.02130921,55.32385839
"종합","서울",강북권역,도심권,소계,54.04203033,53.75803731,53.45834467,53.80188183,53.73741503,53.71945009
"아파트","서울",강북권역,동북권,노원,53.79793721,53.87965919,53.87935169,53.87427091,53.9212947,54.15660997
"아파트","서울",강남권역,동남권,강동,53.63080852,53.57130689,53.34283281,53.24486984,53.47925005,53.72868793
"아파트","경기",서해안권,광명,소계,52.63180637,52.02683673,51.2790704,50.81253438,50.88206135,51.00926575
"아파트","서울",소계,소계,소계,52.52885684,52.45698267,52.23076128,52.01668333,52.09492875,52.21471471
"아파트","서울",강북권역,동북권,광진,52.06430241,51.96563625,51.89778466,51.63563496,51.73356634,51.90410792
"아파트","서울",강남권역,서남권,동작,51.94756209,51.58786456,51.18527946,51.10719444,51.26285446,51.29416376
"아파트","서울",강북권역,도심권,소계,51.62301633,51.49333765,51.23309964,51.07530471,51.11938294,51.25491023
"종합","서울",강남권역,동남권,소계,51.41763346,51.21169588,50.89818858,50.70059699,50.87655299,51.08289829
"단독주택","경기",동부2권,소계,소계,51.02655766,50.95615766,50.89140876,50.80766771,50.70639153,50.67456979
"아파트","서울",강남권역,서남권,영등포,50.92831603,50.73316889,50.32652627,49.84921874,49.6662884,49.57175162
"아파트","경기",경부1권,과천,소계,50.58328838,49.14704708,48.19751987,47.83449449,47.77167444,47.73344328
"단독주택","강원",소계,소계,소계,50.57476278,50.5390399,50.50746371,50.45475387,50.41637319,50.37466026
"아파트","서울",강남권역,소계,소계,50.35518233,50.25374437,49.95108349,49.70765906,49.81373281,49.95293319
"단독주택","경기",경원권,소계,소계,50.33703822,50.32829132,50.33346451,50.32816878,50.34747547,50.36809973
"아파트","서울",강북권역,서북권,마포,49.80730723,49.58073271,49.16857087,48.84508094,48.93921369,49.02453342
"아파트","세종",소계,소계,소계,49.25208166,49.85788408,50.27473952,50.48555274,50.87761037,51.18899407
"단독주택","인천",소계,소계,소계,49.15569416,49.15559216,49.14933241,49.12440393,49.11728898,49.10342234
"아파트","경기",경부1권,성남,소계,49.07343904,49.01179578,49.31207137,49.25973615,49.2820614,49.24839943
"종합","세종",소계,소계,소계,48.92935989,49.47013704,49.84150999,50.03128267,50.3799693,50.65760255
"단독주택","경기",경부2권,소계,소계,48.75390403,48.68633591,48.63584986,48.60525728,48.5698891,48.54915012
"단독주택","울산",소계,소계,소계,48.62740914,48.60606807,48.60271087,48.59009373,48.57583236,48.55374365
"단독주택","제주",소계,소계,소계,48.20818761,48.19155476,48.18076205,48.16054433,48.14595998,48.12706571
"단독주택","경기",경의권,소계,소계,48.18224246,48.15236237,48.14856711,48.11449532,48.10463105,48.08774244
"아파트","서울",강남권역,서남권,양천,48.13153432,48.09680633,47.76344098,47.59819545,47.52135981,47.50589303
"단독주택","경기",소계,소계,소계,47.82227357,47.77003971,47.72493907,48.04784952,48.00762659,47.98585416
"단독주택","전남",소계,소계,소계,47.48156455,47.46800247,47.44335492,47.42977248,47.428357,47.37411941
"단독주택","전북",소계,소계,소계,46.86197623,46.85798273,46.85760761,46.85918222,46.93828377,46.93660348
"단독주택","경기",서해안권,소계,소계,46.77277283,46.71802192,46.65531544,46.77107926,46.75943829,46.7628296
"단독주택","대전",소계,소계,소계,46.47128201,46.41188828,46.37244937,46.32348702,46.30364641,46.28697607
"단독주택","9개도",소계,소계,소계,46.46774612,46.45099803,46.42933607,46.44614069,46.43422448,46.41396845
"단독주택","경기",동부1권,소계,소계,46.36178904,46.32919735,46.28918362,46.2423774,46.18830133,46.10704082
"단독주택","수도권",소계,소계,소계,46.25811065,46.21350419,46.16835594,46.41211694,46.38952969,46.3642452
"단독주택","경남",소계,소계,소계,46.1831426,46.22685422,46.22095362,46.23460787,46.21320748,46.22373062
"단독주택","8개도",소계,소계,소계,46.16153664,46.15281059,46.13644726,46.12329072,46.11708018,46.09712981
"단독주택","충북",소계,소계,소계,45.99220198,45.95112886,45.92177058,45.87760566,45.85724078,45.83530498
"단독주택","전국",소계,소계,소계,45.61008553,45.58773342,45.56245494,45.68394469,45.67008673,45.64771362
"아파트","서울",강남권역,동남권,서초,45.42560701,45.73349542,45.70596071,45.81968325,46.05201662,46.29229165
"단독주택","지방",소계,소계,소계,45.40420201,45.38892031,45.36995464,45.47325028,45.46191812,45.44038741
"아파트","경기",경부1권,성남,분당,45.37108629,45.13054657,44.60588033,44.30754631,44.32184152,44.30150302
"아파트","서울",강남권역,동남권,소계,45.26600085,45.18810187,44.94555037,44.88751919,45.16961169,45.49804379
"아파트","서울",강북권역,동북권,성동,44.43418726,44.10484768,43.84826431,43.67357425,43.74476751,43.89193701
"단독주택","충남",소계,소계,소계,44.35888293,44.32698577,44.30582854,44.27811629,44.25836067,44.23695247
"단독주택","부산",서부산권,소계,소계,44.02260309,43.91963991,43.83090996,43.74089901,43.62373973,43.53433243
"단독주택","6대광역시",소계,소계,소계,43.45217934,43.41632253,43.38986337,43.57924869,43.5484759,43.52231026
"단독주택","서울",강남권역,서남권,소계,43.44624964,43.40190994,43.31644014,43.24259843,43.18503443,43.12781015
"단독주택","광주",소계,소계,소계,43.41898711,43.43452305,43.44719853,43.45767766,43.47049445,43.46870988
"단독주택","서울",강북권역,동북권,소계,43.14334363,43.10741395,43.07829857,43.03815233,43.01417619,42.99015709
"단독주택","경북",소계,소계,소계,43.03190303,43.01740173,43.00420176,42.99063752,42.98079833,42.96178455
"아파트","서울",강북권역,도심권,용산,42.99672893,42.91645252,42.72156466,42.69768139,42.95907649,43.24383286
"단독주택","서울",강북권역,소계,소계,42.91354903,42.87793118,42.84423618,42.82202326,42.8677699,42.84362097
"아파트","서울",강남권역,동남권,강남,42.89750098,42.74699821,42.62749033,42.63727203,42.97277638,43.12573121
"단독주택","부산",중부산권,소계,소계,42.86850466,42.80906614,42.77514584,42.74611202,42.70874061,42.66742665
"단독주택","서울",강북권역,서북권,소계,42.8268303,42.79955284,42.77043455,42.74276924,43.07857087,43.09212508
"단독주택","서울",소계,소계,소계,42.67370748,42.62837899,42.5710775,42.50486424,42.508845,42.47322481
"단독주택","5대광역시",소계,소계,소계,42.51211925,42.47036929,42.44058084,42.54771326,42.51253953,42.48408597
"단독주택","서울",강남권역,소계,소계,42.30967734,42.2496101,42.15647882,42.04315221,41.98633126,41.93401149
"단독주택","서울",강북권역,도심권,소계,42.09456805,42.04944285,41.99128407,41.93484578,41.86810668,41.78651956
"아파트","서울",강남권역,동남권,송파,41.72408087,41.44138945,40.92963109,40.65608965,40.95407761,41.56505748
"단독주택","부산",소계,소계,소계,41.70647568,41.63894829,41.58930978,41.72694238,41.6635127,41.60830095
"단독주택","경기",경부1권,소계,소계,41.12788422,41.04992442,40.985069,40.91709062,40.83305702,40.77683177
"단독주택","세종",소계,소계,소계,39.4382148,39.42431467,39.41757866,39.42307005,39.38821833,39.34619579
"단독주택","서울",강남권역,동남권,소계,38.8230031,38.71468837,38.59805387,38.54315721,38.48850454,38.45049612
"단독주택","대구",소계,소계,소계,38.46528738,38.4218578,38.38535162,38.35985635,38.30770821,38.28045243
"단독주택","부산",동부산권,소계,소계,37.84914484,37.79709444,37.75309287,37.69345938,37.64074246,37.59723766
